Component Name,Licenses,Licenses Links,Package Type,Component Id,Package Id,Version
bootstrap,MIT,http://www.opensource.org/licenses/MIT,npm,bootstrap:5.3.3,npm://bootstrap,5.3.3
caffeine-3.1.8.jar,Apache-2.0,http://licenses.nuget.org/Apache-2.0,generic,caffeine-3.1.8.jar,generic://sha256:7dd15f9df1be238ffaa367ce6f556737a88031de4294dad18eef57c474ddf1d3/caffeine-3.1.8.jar,
ch.qos.logback:logback-classic,"EPL-1.0,LGPL-2.1","http://www.eclipse.org/legal/epl-v10.html,http://www.gnu.org/licenses/old-licenses/lgpl-2.1-standalone.html",maven,ch.qos.logback:logback-classic:1.5.16,gav://ch.qos.logback:logback-classic,1.5.16
ch.qos.logback:logback-core,"EPL-1.0,LGPL-2.1","http://www.eclipse.org/legal/epl-v10.html,http://www.gnu.org/licenses/old-licenses/lgpl-2.1-standalone.html",maven,ch.qos.logback:logback-core:1.5.16,gav://ch.qos.logback:logback-core,1.5.16
com.fasterxml.jackson.core:jackson-annotations,Apache-2.0,http://licenses.nuget.org/Apache-2.0,maven,com.fasterxml.jackson.core:jackson-annotations:2.18.2,gav://com.fasterxml.jackson.core:jackson-annotations,2.18.2
com.fasterxml.jackson.core:jackson-core,Apache-2.0,http://licenses.nuget.org/Apache-2.0,maven,com.fasterxml.jackson.core:jackson-core:2.18.2,gav://com.fasterxml.jackson.core:jackson-core,2.18.2
com.fasterxml.jackson.core:jackson-databind,Apache-2.0,http://licenses.nuget.org/Apache-2.0,maven,com.fasterxml.jackson.core:jackson-databind:2.18.2,gav://com.fasterxml.jackson.core:jackson-databind,2.18.2
com.fasterxml.jackson.datatype:jackson-datatype-jdk8,Apache-2.0,http://licenses.nuget.org/Apache-2.0,maven,com.fasterxml.jackson.datatype:jackson-datatype-jdk8:2.18.2,gav://com.fasterxml.jackson.datatype:jackson-datatype-jdk8,2.18.2
com.fasterxml.jackson.datatype:jackson-datatype-jsr310,Apache-2.0,http://licenses.nuget.org/Apache-2.0,maven,com.fasterxml.jackson.datatype:jackson-datatype-jsr310:2.18.2,gav://com.fasterxml.jackson.datatype:jackson-datatype-jsr310,2.18.2
com.fasterxml.jackson.module:jackson-module-parameter-names,Apache-2.0,http://licenses.nuget.org/Apache-2.0,maven,com.fasterxml.jackson.module:jackson-module-parameter-names:2.18.2,gav://com.fasterxml.jackson.module:jackson-module-parameter-names,2.18.2
com.fasterxml:classmate,Apache-2.0,http://licenses.nuget.org/Apache-2.0,maven,com.fasterxml:classmate:1.7.0,gav://com.fasterxml:classmate,1.7.0
com.github.ben-manes.caffeine:caffeine,Apache-2.0,http://licenses.nuget.org/Apache-2.0,maven,com.github.ben-manes.caffeine:caffeine:3.1.8,gav://com.github.ben-manes.caffeine:caffeine,3.1.8
com.google.errorprone:error_prone_annotations,Apache-2.0,http://licenses.nuget.org/Apache-2.0,maven,com.google.errorprone:error_prone_annotations:2.21.1,gav://com.google.errorprone:error_prone_annotations,2.21.1
com.h2database:h2,"EPL-1.0,MPL-2.0","http://www.eclipse.org/legal/epl-v10.html,http://opensource.org/licenses/MPL-2.0",maven,com.h2database:h2:2.3.232,gav://com.h2database:h2,2.3.232
com.mysql:mysql-connector-j,"Apache-2.0,LicenseRef-jfrog-protobuf","http://licenses.nuget.org/Apache-2.0,http://protobuf.googlecode.com/svn/trunk/COPYING.txt",maven,com.mysql:mysql-connector-j:9.1.0,gav://com.mysql:mysql-connector-j,9.1.0
com.sun.istack:istack-commons-runtime,BSD-3-Clause,http://opensource.org/licenses/BSD-3-Clause,maven,com.sun.istack:istack-commons-runtime:4.1.2,gav://com.sun.istack:istack-commons-runtime,4.1.2
com.zaxxer:HikariCP,Apache-2.0,http://licenses.nuget.org/Apache-2.0,maven,com.zaxxer:HikariCP:5.1.0,gav://com.zaxxer:HikariCP,5.1.0
debian:bullseye:adduser,GPL-2.0,http://www.gnu.org/licenses/old-licenses/gpl-2.0-standalone.html,deb,debian:bullseye:adduser:3.118,deb://debian:bullseye:adduser,3.118
debian:bullseye:apt,GPL-2.0,http://www.gnu.org/licenses/old-licenses/gpl-2.0-standalone.html,deb,debian:bullseye:apt:2.2.4,deb://debian:bullseye:apt,2.2.4
debian:bullseye:base-files,GPL-3.0-only,http://www.gnu.org/licenses/gpl-3.0-standalone.html,deb,debian:bullseye:base-files:11.1+deb11u3,deb://debian:bullseye:base-files,11.1+deb11u3
debian:bullseye:base-passwd,GPL-2.0,http://www.gnu.org/licenses/old-licenses/gpl-2.0-standalone.html,deb,debian:bullseye:base-passwd:3.5.51,deb://debian:bullseye:base-passwd,3.5.51
debian:bullseye:bash,BSD,,deb,debian:bullseye:bash:5.1-2+b3,deb://debian:bullseye:bash,5.1-2+b3
debian:bullseye:bsdutils,"BSD,BSD-3-Clause,BSD-4-Clause-UC,MIT","http://opensource.org/licenses/BSD-3-Clause,http://www.freebsd.org/copyright/license.html,http://www.opensource.org/licenses/MIT",deb,debian:bullseye:bsdutils:1:2.36.1-8+deb11u1,deb://debian:bullseye:bsdutils,1:2.36.1-8+deb11u1
debian:bullseye:ca-certificates,MPL-2.0,http://opensource.org/licenses/MPL-2.0,deb,debian:bullseye:ca-certificates:20210119,deb://debian:bullseye:ca-certificates,20210119
debian:bullseye:coreutils,"BSD,ISC",http://www.opensource.org/licenses/ISC,deb,debian:bullseye:coreutils:8.32-4+b1,deb://debian:bullseye:coreutils,8.32-4+b1
debian:bullseye:dash,BSD,,deb,debian:bullseye:dash:0.5.11+git20200708+dd9ef66-5,deb://debian:bullseye:dash,0.5.11+git20200708+dd9ef66-5
debian:bullseye:debconf,BSD-2-Clause,http://opensource.org/licenses/BSD-2-Clause,deb,debian:bullseye:debconf:1.5.77,deb://debian:bullseye:debconf,1.5.77
debian:bullseye:debian-archive-keyring,GPL-2.0,http://www.gnu.org/licenses/old-licenses/gpl-2.0-standalone.html,deb,debian:bullseye:debian-archive-keyring:2021.1.1,deb://debian:bullseye:debian-archive-keyring,2021.1.1
debian:bullseye:debianutils,GPL-2.0,http://www.gnu.org/licenses/old-licenses/gpl-2.0-standalone.html,deb,debian:bullseye:debianutils:4.11.2,deb://debian:bullseye:debianutils,4.11.2
debian:bullseye:diffutils,GPL-3.0,http://www.gnu.org/licenses/gpl-3.0-standalone.html,deb,debian:bullseye:diffutils:1:3.7-5,deb://debian:bullseye:diffutils,1:3.7-5
debian:bullseye:dpkg,BSD-2-Clause,http://opensource.org/licenses/BSD-2-Clause,deb,debian:bullseye:dpkg:1.20.9,deb://debian:bullseye:dpkg,1.20.9
debian:bullseye:e2fsprogs,BSD,,deb,debian:bullseye:e2fsprogs:1.46.2-2,deb://debian:bullseye:e2fsprogs,1.46.2-2
debian:bullseye:findutils,GPL-3.0,http://www.gnu.org/licenses/gpl-3.0-standalone.html,deb,debian:bullseye:findutils:4.8.0-1,deb://debian:bullseye:findutils,4.8.0-1
debian:bullseye:gcc-10-base,"BSD,BSD-2-Clause,MIT,ZLIB","http://opensource.org/licenses/BSD-2-Clause,http://www.opensource.org/licenses/MIT",deb,debian:bullseye:gcc-10-base:10.2.1-6,deb://debian:bullseye:gcc-10-base,10.2.1-6
debian:bullseye:gcc-9-base,"BSD,BSD-2-Clause,MIT,ZLIB","http://opensource.org/licenses/BSD-2-Clause,http://www.opensource.org/licenses/MIT",deb,debian:bullseye:gcc-9-base:9.3.0-22,deb://debian:bullseye:gcc-9-base,9.3.0-22
debian:bullseye:gpgv,"BSD-3-Clause,MIT","http://opensource.org/licenses/BSD-3-Clause,http://www.opensource.org/licenses/MIT",deb,debian:bullseye:gpgv:2.2.27-2+deb11u1,deb://debian:bullseye:gpgv,2.2.27-2+deb11u1
debian:bullseye:grep,GPL-3.0,http://www.gnu.org/licenses/gpl-3.0-standalone.html,deb,debian:bullseye:grep:3.6-1,deb://debian:bullseye:grep,3.6-1
debian:bullseye:gzip,GPL-3.0,http://www.gnu.org/licenses/gpl-3.0-standalone.html,deb,debian:bullseye:gzip:1.10-4,deb://debian:bullseye:gzip,1.10-4
debian:bullseye:hostname,GPL-3.0,http://www.gnu.org/licenses/gpl-3.0-standalone.html,deb,debian:bullseye:hostname:3.23,deb://debian:bullseye:hostname,3.23
debian:bullseye:init-system-helpers,BSD,,deb,debian:bullseye:init-system-helpers:1.60,deb://debian:bullseye:init-system-helpers,1.60
debian:bullseye:libacl1,LGPL-3.0,http://www.gnu.org/licenses/lgpl-3.0-standalone.html,deb,debian:bullseye:libacl1:2.2.53-10,deb://debian:bullseye:libacl1,2.2.53-10
debian:bullseye:libapt-pkg6.0,GPL-2.0,http://www.gnu.org/licenses/old-licenses/gpl-2.0-standalone.html,deb,debian:bullseye:libapt-pkg6.0:2.2.4,deb://debian:bullseye:libapt-pkg6.0,2.2.4
debian:bullseye:libattr1,LGPL-3.0,http://www.gnu.org/licenses/lgpl-3.0-standalone.html,deb,debian:bullseye:libattr1:1:2.4.48-6,deb://debian:bullseye:libattr1,1:2.4.48-6
debian:bullseye:libaudit-common,LGPL-2.1,http://www.gnu.org/licenses/old-licenses/lgpl-2.1-standalone.html,deb,debian:bullseye:libaudit-common:1:3.0-2,deb://debian:bullseye:libaudit-common,1:3.0-2
debian:bullseye:libaudit1,LGPL-2.1,http://www.gnu.org/licenses/old-licenses/lgpl-2.1-standalone.html,deb,debian:bullseye:libaudit1:1:3.0-2,deb://debian:bullseye:libaudit1,1:3.0-2
debian:bullseye:libblkid1,"BSD,BSD-3-Clause,BSD-4-Clause-UC,MIT","http://opensource.org/licenses/BSD-3-Clause,http://www.freebsd.org/copyright/license.html,http://www.opensource.org/licenses/MIT",deb,debian:bullseye:libblkid1:2.36.1-8+deb11u1,deb://debian:bullseye:libblkid1,2.36.1-8+deb11u1
debian:bullseye:libbz2-1.0,BSD,,deb,debian:bullseye:libbz2-1.0:1.0.8-4,deb://debian:bullseye:libbz2-1.0,1.0.8-4
debian:bullseye:libc-bin,"BSD-3-Clause,BSD-4-Clause-UC,IETF,Intel,ISC,MIT,MIT-CMU,Spencer-94","http://opensource.org/licenses/BSD-3-Clause,http://www.freebsd.org/copyright/license.html,http://opensource.org/licenses/Intel,http://www.opensource.org/licenses/ISC,http://www.opensource.org/licenses/MIT,https://fedoraproject.org/wiki/Licensing:MIT?rd=Licensing/MIT#CMU_Style,https://fedoraproject.org/wiki/Licensing/Henry_Spencer_Reg-Ex_Library_License",deb,debian:bullseye:libc-bin:2.31-13+deb11u3,deb://debian:bullseye:libc-bin,2.31-13+deb11u3
debian:bullseye:libc6,"BSD-3-Clause,BSD-4-Clause-UC,IETF,Intel,ISC,MIT,MIT-CMU,Spencer-94","http://opensource.org/licenses/BSD-3-Clause,http://www.freebsd.org/copyright/license.html,http://opensource.org/licenses/Intel,http://www.opensource.org/licenses/ISC,http://www.opensource.org/licenses/MIT,https://fedoraproject.org/wiki/Licensing:MIT?rd=Licensing/MIT#CMU_Style,https://fedoraproject.org/wiki/Licensing/Henry_Spencer_Reg-Ex_Library_License",deb,debian:bullseye:libc6:2.31-13+deb11u3,deb://debian:bullseye:libc6,2.31-13+deb11u3
debian:bullseye:libcap-ng0,LGPL-2.1,http://www.gnu.org/licenses/old-licenses/lgpl-2.1-standalone.html,deb,debian:bullseye:libcap-ng0:0.7.9-2.2+b1,deb://debian:bullseye:libcap-ng0,0.7.9-2.2+b1
debian:bullseye:libcom-err2,BSD,,deb,debian:bullseye:libcom-err2:1.46.2-2,deb://debian:bullseye:libcom-err2,1.46.2-2
debian:bullseye:libcrypt1,LGPL-2.1,http://www.gnu.org/licenses/old-licenses/lgpl-2.1-standalone.html,deb,debian:bullseye:libcrypt1:1:4.4.18-4,deb://debian:bullseye:libcrypt1,1:4.4.18-4
debian:bullseye:libdb5.3,BSD,,deb,debian:bullseye:libdb5.3:5.3.28+dfsg1-0.8,deb://debian:bullseye:libdb5.3,5.3.28+dfsg1-0.8
debian:bullseye:libdebconfclient0,BSD-2-Clause,http://opensource.org/licenses/BSD-2-Clause,deb,debian:bullseye:libdebconfclient0:0.260,deb://debian:bullseye:libdebconfclient0,0.260
debian:bullseye:libext2fs2,BSD,,deb,debian:bullseye:libext2fs2:1.46.2-2,deb://debian:bullseye:libext2fs2,1.46.2-2
debian:bullseye:libffi7,MIT,http://www.opensource.org/licenses/MIT,deb,debian:bullseye:libffi7:3.3-6,deb://debian:bullseye:libffi7,3.3-6
debian:bullseye:libgcc-s1,"BSD,BSD-2-Clause,MIT,ZLIB","http://opensource.org/licenses/BSD-2-Clause,http://www.opensource.org/licenses/MIT",deb,debian:bullseye:libgcc-s1:10.2.1-6,deb://debian:bullseye:libgcc-s1,10.2.1-6
debian:bullseye:libgcrypt20,"BSD,MIT,X11","http://www.opensource.org/licenses/MIT,http://www.xfree86.org/3.3.6/COPYRIGHT2.html#3",deb,debian:bullseye:libgcrypt20:1.8.7-6,deb://debian:bullseye:libgcrypt20,1.8.7-6
debian:bullseye:libgmp10,LGPL-3.0,http://www.gnu.org/licenses/lgpl-3.0-standalone.html,deb,debian:bullseye:libgmp10:2:6.2.1+dfsg-1+deb11u1,deb://debian:bullseye:libgmp10,2:6.2.1+dfsg-1+deb11u1
debian:bullseye:libgnutls30,"Apache-2.0,BSD,BSD-2-Clause,ISC,MIT","http://licenses.nuget.org/Apache-2.0,http://opensource.org/licenses/BSD-2-Clause,http://www.opensource.org/licenses/ISC,http://www.opensource.org/licenses/MIT",deb,debian:bullseye:libgnutls30:3.7.1-5,deb://debian:bullseye:libgnutls30,3.7.1-5
debian:bullseye:libgpg-error0,BSD,,deb,debian:bullseye:libgpg-error0:1.38-2,deb://debian:bullseye:libgpg-error0,1.38-2
debian:bullseye:libgssapi-krb5-2,"BSD,BSD-2-Clause,ISC,MIT,Xnet","http://opensource.org/licenses/BSD-2-Clause,http://www.opensource.org/licenses/ISC,http://www.opensource.org/licenses/MIT,http://opensource.org/licenses/Xnet",deb,debian:bullseye:libgssapi-krb5-2:1.18.3-6+deb11u1,deb://debian:bullseye:libgssapi-krb5-2,1.18.3-6+deb11u1
debian:bullseye:libhogweed6,LGPL-3.0,http://www.gnu.org/licenses/lgpl-3.0-standalone.html,deb,debian:bullseye:libhogweed6:3.7.3-1,deb://debian:bullseye:libhogweed6,3.7.3-1
debian:bullseye:libidn2-0,LGPL-3.0,http://www.gnu.org/licenses/lgpl-3.0-standalone.html,deb,debian:bullseye:libidn2-0:2.3.0-5,deb://debian:bullseye:libidn2-0,2.3.0-5
debian:bullseye:libk5crypto3,"BSD,BSD-2-Clause,ISC,MIT,Xnet","http://opensource.org/licenses/BSD-2-Clause,http://www.opensource.org/licenses/ISC,http://www.opensource.org/licenses/MIT,http://opensource.org/licenses/Xnet",deb,debian:bullseye:libk5crypto3:1.18.3-6+deb11u1,deb://debian:bullseye:libk5crypto3,1.18.3-6+deb11u1
debian:bullseye:libkeyutils1,LGPL-3.0,http://www.gnu.org/licenses/lgpl-3.0-standalone.html,deb,debian:bullseye:libkeyutils1:1.6.1-2,deb://debian:bullseye:libkeyutils1,1.6.1-2
debian:bullseye:libkrb5-3,"BSD,BSD-2-Clause,ISC,MIT,Xnet","http://opensource.org/licenses/BSD-2-Clause,http://www.opensource.org/licenses/ISC,http://www.opensource.org/licenses/MIT,http://opensource.org/licenses/Xnet",deb,debian:bullseye:libkrb5-3:1.18.3-6+deb11u1,deb://debian:bullseye:libkrb5-3,1.18.3-6+deb11u1
debian:bullseye:libkrb5support0,"BSD,BSD-2-Clause,ISC,MIT,Xnet","http://opensource.org/licenses/BSD-2-Clause,http://www.opensource.org/licenses/ISC,http://www.opensource.org/licenses/MIT,http://opensource.org/licenses/Xnet",deb,debian:bullseye:libkrb5support0:1.18.3-6+deb11u1,deb://debian:bullseye:libkrb5support0,1.18.3-6+deb11u1
debian:bullseye:liblz4-1,BSD-2-Clause,http://opensource.org/licenses/BSD-2-Clause,deb,debian:bullseye:liblz4-1:1.9.3-2,deb://debian:bullseye:liblz4-1,1.9.3-2
debian:bullseye:liblzma5,"FSFAP,FSFULLR","http://www.gnu.org/prep/maintain/html_node/License-Notices-for-Other-Files.html,https://fedoraproject.org/wiki/Licensing/FSF_Unlimited_License#License_Retention_Variant",deb,debian:bullseye:liblzma5:5.2.5-2,deb://debian:bullseye:liblzma5,5.2.5-2
debian:bullseye:libmount1,"BSD,BSD-3-Clause,BSD-4-Clause-UC,MIT","http://opensource.org/licenses/BSD-3-Clause,http://www.freebsd.org/copyright/license.html,http://www.opensource.org/licenses/MIT",deb,debian:bullseye:libmount1:2.36.1-8+deb11u1,deb://debian:bullseye:libmount1,2.36.1-8+deb11u1
debian:bullseye:libnettle8,LGPL-3.0,http://www.gnu.org/licenses/lgpl-3.0-standalone.html,deb,debian:bullseye:libnettle8:3.7.3-1,deb://debian:bullseye:libnettle8,3.7.3-1
debian:bullseye:libnsl2,"BSD,MIT",http://www.opensource.org/licenses/MIT,deb,debian:bullseye:libnsl2:1.3.0-2,deb://debian:bullseye:libnsl2,1.3.0-2
debian:bullseye:libp11-kit0,"BSD,ISC",http://www.opensource.org/licenses/ISC,deb,debian:bullseye:libp11-kit0:0.23.22-1,deb://debian:bullseye:libp11-kit0,0.23.22-1
debian:bullseye:libpam-modules,GPL-3.0,http://www.gnu.org/licenses/gpl-3.0-standalone.html,deb,debian:bullseye:libpam-modules:1.4.0-9+deb11u1,deb://debian:bullseye:libpam-modules,1.4.0-9+deb11u1
debian:bullseye:libpam-modules-bin,GPL-3.0,http://www.gnu.org/licenses/gpl-3.0-standalone.html,deb,debian:bullseye:libpam-modules-bin:1.4.0-9+deb11u1,deb://debian:bullseye:libpam-modules-bin,1.4.0-9+deb11u1
debian:bullseye:libpam-runtime,GPL-3.0,http://www.gnu.org/licenses/gpl-3.0-standalone.html,deb,debian:bullseye:libpam-runtime:1.4.0-9+deb11u1,deb://debian:bullseye:libpam-runtime,1.4.0-9+deb11u1
debian:bullseye:libpam0g,GPL-3.0,http://www.gnu.org/licenses/gpl-3.0-standalone.html,deb,debian:bullseye:libpam0g:1.4.0-9+deb11u1,deb://debian:bullseye:libpam0g,1.4.0-9+deb11u1
debian:bullseye:libpcre2-8-0,BSD,,deb,debian:bullseye:libpcre2-8-0:10.36-2,deb://debian:bullseye:libpcre2-8-0,10.36-2
debian:bullseye:libpcre3,BSD,,deb,debian:bullseye:libpcre3:2:8.39-13,deb://debian:bullseye:libpcre3,2:8.39-13
debian:bullseye:libseccomp2,LGPL-2.1,http://www.gnu.org/licenses/old-licenses/lgpl-2.1-standalone.html,deb,debian:bullseye:libseccomp2:2.5.1-1+deb11u1,deb://debian:bullseye:libseccomp2,2.5.1-1+deb11u1
debian:bullseye:libselinux1,LGPL-2.1,http://www.gnu.org/licenses/old-licenses/lgpl-2.1-standalone.html,deb,debian:bullseye:libselinux1:3.1-3,deb://debian:bullseye:libselinux1,3.1-3
debian:bullseye:libsemanage-common,LGPL-2.1,http://www.gnu.org/licenses/old-licenses/lgpl-2.1-standalone.html,deb,debian:bullseye:libsemanage-common:3.1-1,deb://debian:bullseye:libsemanage-common,3.1-1
debian:bullseye:libsemanage1,LGPL-2.1,http://www.gnu.org/licenses/old-licenses/lgpl-2.1-standalone.html,deb,debian:bullseye:libsemanage1:3.1-1+b2,deb://debian:bullseye:libsemanage1,3.1-1+b2
debian:bullseye:libsepol1,LGPL-2.1,http://www.gnu.org/licenses/old-licenses/lgpl-2.1-standalone.html,deb,debian:bullseye:libsepol1:3.1-1,deb://debian:bullseye:libsepol1,3.1-1
debian:bullseye:libsmartcols1,"BSD,BSD-3-Clause,BSD-4-Clause-UC,MIT","http://opensource.org/licenses/BSD-3-Clause,http://www.freebsd.org/copyright/license.html,http://www.opensource.org/licenses/MIT",deb,debian:bullseye:libsmartcols1:2.36.1-8+deb11u1,deb://debian:bullseye:libsmartcols1,2.36.1-8+deb11u1
debian:bullseye:libss2,BSD,,deb,debian:bullseye:libss2:1.46.2-2,deb://debian:bullseye:libss2,1.46.2-2
debian:bullseye:libssl1.1,OpenSSL,http://www.openssl.org/source/license.html,deb,debian:bullseye:libssl1.1:1.1.1n-0+deb11u1,deb://debian:bullseye:libssl1.1,1.1.1n-0+deb11u1
debian:bullseye:libstdc++6,"BSD,BSD-2-Clause,MIT,ZLIB","http://opensource.org/licenses/BSD-2-Clause,http://www.opensource.org/licenses/MIT",deb,debian:bullseye:libstdc++6:10.2.1-6,deb://debian:bullseye:libstdc++6,10.2.1-6
debian:bullseye:libsystemd0,CC0-1.0,http://creativecommons.org/publicdomain/zero/1.0/,deb,debian:bullseye:libsystemd0:247.3-7,deb://debian:bullseye:libsystemd0,247.3-7
debian:bullseye:libtasn1-6,LGPL-2.1,http://www.gnu.org/licenses/old-licenses/lgpl-2.1-standalone.html,deb,debian:bullseye:libtasn1-6:4.16.0-2,deb://debian:bullseye:libtasn1-6,4.16.0-2
debian:bullseye:libtinfo6,"BSD,MIT,X11","http://www.opensource.org/licenses/MIT,http://www.xfree86.org/3.3.6/COPYRIGHT2.html#3",deb,debian:bullseye:libtinfo6:6.2+20201114-2,deb://debian:bullseye:libtinfo6,6.2+20201114-2
debian:bullseye:libtirpc-common,"BSD,BSD-2-Clause",http://opensource.org/licenses/BSD-2-Clause,deb,debian:bullseye:libtirpc-common:1.3.1-1,deb://debian:bullseye:libtirpc-common,1.3.1-1
debian:bullseye:libtirpc3,"BSD,BSD-2-Clause",http://opensource.org/licenses/BSD-2-Clause,deb,debian:bullseye:libtirpc3:1.3.1-1,deb://debian:bullseye:libtirpc3,1.3.1-1
debian:bullseye:libudev1,CC0-1.0,http://creativecommons.org/publicdomain/zero/1.0/,deb,debian:bullseye:libudev1:247.3-7,deb://debian:bullseye:libudev1,247.3-7
debian:bullseye:libunistring2,MIT,http://www.opensource.org/licenses/MIT,deb,debian:bullseye:libunistring2:0.9.10-4,deb://debian:bullseye:libunistring2,0.9.10-4
debian:bullseye:libuuid1,"BSD,BSD-3-Clause,BSD-4-Clause-UC,MIT","http://opensource.org/licenses/BSD-3-Clause,http://www.freebsd.org/copyright/license.html,http://www.opensource.org/licenses/MIT",deb,debian:bullseye:libuuid1:2.36.1-8+deb11u1,deb://debian:bullseye:libuuid1,2.36.1-8+deb11u1
debian:bullseye:libxxhash0,BSD-2-Clause,http://opensource.org/licenses/BSD-2-Clause,deb,debian:bullseye:libxxhash0:0.8.0-2,deb://debian:bullseye:libxxhash0,0.8.0-2
debian:bullseye:libzstd1,"BSD,ZLIB",,deb,debian:bullseye:libzstd1:1.4.8+dfsg-2.1,deb://debian:bullseye:libzstd1,1.4.8+dfsg-2.1
debian:bullseye:login,"BSD-3-Clause,TCP-wrappers","http://opensource.org/licenses/BSD-3-Clause,http://rc.quest.com/topics/openssh/license.php#tcpwrappers",deb,debian:bullseye:login:1:4.8.1-1,deb://debian:bullseye:login,1:4.8.1-1
debian:bullseye:logsave,BSD,,deb,debian:bullseye:logsave:1.46.2-2,deb://debian:bullseye:logsave,1.46.2-2
debian:bullseye:lsb-base,BSD,,deb,debian:bullseye:lsb-base:11.1.0,deb://debian:bullseye:lsb-base,11.1.0
debian:bullseye:mawk,GPL-2.0,http://www.gnu.org/licenses/old-licenses/gpl-2.0-standalone.html,deb,debian:bullseye:mawk:1.3.4.20200120-2,deb://debian:bullseye:mawk,1.3.4.20200120-2
debian:bullseye:mount,"BSD,BSD-3-Clause,BSD-4-Clause-UC,MIT","http://opensource.org/licenses/BSD-3-Clause,http://www.freebsd.org/copyright/license.html,http://www.opensource.org/licenses/MIT",deb,debian:bullseye:mount:2.36.1-8+deb11u1,deb://debian:bullseye:mount,2.36.1-8+deb11u1
debian:bullseye:ncurses-base,"BSD,MIT,X11","http://www.opensource.org/licenses/MIT,http://www.xfree86.org/3.3.6/COPYRIGHT2.html#3",deb,debian:bullseye:ncurses-base:6.2+20201114-2,deb://debian:bullseye:ncurses-base,6.2+20201114-2
debian:bullseye:ncurses-bin,"BSD,MIT,X11","http://www.opensource.org/licenses/MIT,http://www.xfree86.org/3.3.6/COPYRIGHT2.html#3",deb,debian:bullseye:ncurses-bin:6.2+20201114-2,deb://debian:bullseye:ncurses-bin,6.2+20201114-2
debian:bullseye:openssl,OpenSSL,http://www.openssl.org/source/license.html,deb,debian:bullseye:openssl:1.1.1n-0+deb11u1,deb://debian:bullseye:openssl,1.1.1n-0+deb11u1
debian:bullseye:p11-kit,"BSD,ISC",http://www.opensource.org/licenses/ISC,deb,debian:bullseye:p11-kit:0.23.22-1,deb://debian:bullseye:p11-kit,0.23.22-1
debian:bullseye:p11-kit-modules,"BSD,ISC",http://www.opensource.org/licenses/ISC,deb,debian:bullseye:p11-kit-modules:0.23.22-1,deb://debian:bullseye:p11-kit-modules,0.23.22-1
debian:bullseye:passwd,"BSD-3-Clause,TCP-wrappers","http://opensource.org/licenses/BSD-3-Clause,http://rc.quest.com/topics/openssh/license.php#tcpwrappers",deb,debian:bullseye:passwd:1:4.8.1-1,deb://debian:bullseye:passwd,1:4.8.1-1
debian:bullseye:perl-base,CC0-1.0,http://creativecommons.org/publicdomain/zero/1.0/,deb,debian:bullseye:perl-base:5.32.1-4+deb11u2,deb://debian:bullseye:perl-base,5.32.1-4+deb11u2
debian:bullseye:sed,GPL-3.0,http://www.gnu.org/licenses/gpl-3.0-standalone.html,deb,debian:bullseye:sed:4.7-1,deb://debian:bullseye:sed,4.7-1
debian:bullseye:sysvinit-utils,GPL-2.0,http://www.gnu.org/licenses/old-licenses/gpl-2.0-standalone.html,deb,debian:bullseye:sysvinit-utils:2.96-7+deb11u1,deb://debian:bullseye:sysvinit-utils,2.96-7+deb11u1
debian:bullseye:tar,GPL-3.0,http://www.gnu.org/licenses/gpl-3.0-standalone.html,deb,debian:bullseye:tar:1.34+dfsg-1,deb://debian:bullseye:tar,1.34+dfsg-1
debian:bullseye:tzdata,LicenseRef-jfrog-public-domain,,deb,debian:bullseye:tzdata:2021a-1+deb11u3,deb://debian:bullseye:tzdata,2021a-1+deb11u3
debian:bullseye:util-linux,"BSD,BSD-3-Clause,BSD-4-Clause-UC,MIT","http://opensource.org/licenses/BSD-3-Clause,http://www.freebsd.org/copyright/license.html,http://www.opensource.org/licenses/MIT",deb,debian:bullseye:util-linux:2.36.1-8+deb11u1,deb://debian:bullseye:util-linux,2.36.1-8+deb11u1
debian:bullseye:zlib1g,Zlib,http://www.opensource.org/licenses/Zlib,deb,debian:bullseye:zlib1g:1:1.2.11.dfsg-2+deb11u1,deb://debian:bullseye:zlib1g,1:1.2.11.dfsg-2+deb11u1
font-awesome,MIT,http://www.opensource.org/licenses/MIT,npm,font-awesome:4.7.0,npm://font-awesome,4.7.0
io.micrometer:micrometer-commons,Apache-2.0,http://licenses.nuget.org/Apache-2.0,maven,io.micrometer:micrometer-commons:1.14.3,gav://io.micrometer:micrometer-commons,1.14.3
io.micrometer:micrometer-core,Apache-2.0,http://licenses.nuget.org/Apache-2.0,maven,io.micrometer:micrometer-core:1.14.3,gav://io.micrometer:micrometer-core,1.14.3
io.micrometer:micrometer-jakarta9,Apache-2.0,http://licenses.nuget.org/Apache-2.0,maven,io.micrometer:micrometer-jakarta9:1.14.3,gav://io.micrometer:micrometer-jakarta9,1.14.3
io.micrometer:micrometer-observation,Apache-2.0,http://licenses.nuget.org/Apache-2.0,maven,io.micrometer:micrometer-observation:1.14.3,gav://io.micrometer:micrometer-observation,1.14.3
io.projectreactor:reactor-core,Apache-2.0,http://licenses.nuget.org/Apache-2.0,maven,io.projectreactor:reactor-core:3.7.2,gav://io.projectreactor:reactor-core,3.7.2
io.smallrye:jandex,Apache-2.0,http://licenses.nuget.org/Apache-2.0,maven,io.smallrye:jandex:3.2.0,gav://io.smallrye:jandex,3.2.0
jakarta.activation:jakarta.activation-api,BSD-3-Clause,http://opensource.org/licenses/BSD-3-Clause,maven,jakarta.activation:jakarta.activation-api:2.1.3,gav://jakarta.activation:jakarta.activation-api,2.1.3
jakarta.annotation:jakarta.annotation-api,"Classpath-exception-2.0,EPL-2.0",https://spdx.org/licenses/EPL-2.0,maven,jakarta.annotation:jakarta.annotation-api:2.1.1,gav://jakarta.annotation:jakarta.annotation-api,2.1.1
jakarta.inject:jakarta.inject-api,Apache-2.0,http://licenses.nuget.org/Apache-2.0,maven,jakarta.inject:jakarta.inject-api:2.0.1,gav://jakarta.inject:jakarta.inject-api,2.0.1
jakarta.persistence:jakarta.persistence-api,BSD-3-Clause,http://opensource.org/licenses/BSD-3-Clause,maven,jakarta.persistence:jakarta.persistence-api:3.1.0,gav://jakarta.persistence:jakarta.persistence-api,3.1.0
jakarta.transaction:jakarta.transaction-api,"Classpath-exception-2.0,EPL-2.0",https://spdx.org/licenses/EPL-2.0,maven,jakarta.transaction:jakarta.transaction-api:2.0.1,gav://jakarta.transaction:jakarta.transaction-api,2.0.1
jakarta.validation:jakarta.validation-api,Apache-2.0,http://licenses.nuget.org/Apache-2.0,maven,jakarta.validation:jakarta.validation-api:3.0.2,gav://jakarta.validation:jakarta.validation-api,3.0.2
jakarta.xml.bind:jakarta.xml.bind-api,BSD-3-Clause,http://opensource.org/licenses/BSD-3-Clause,maven,jakarta.xml.bind:jakarta.xml.bind-api:4.0.2,gav://jakarta.xml.bind:jakarta.xml.bind-api,4.0.2
javax.cache:cache-api,Apache-2.0,http://licenses.nuget.org/Apache-2.0,maven,javax.cache:cache-api:1.1.1,gav://javax.cache:cache-api,1.1.1
jrt-fs.jar,Unknown,,generic,jrt-fs.jar,generic://sha256:2fcdfb248bf4e6e1e2ef0e10c173f4a64fdb1f7e4f7f59bdcd01bae02b74145c/jrt-fs.jar,
net.bytebuddy:byte-buddy,Apache-2.0,http://licenses.nuget.org/Apache-2.0,maven,net.bytebuddy:byte-buddy:1.15.11,gav://net.bytebuddy:byte-buddy,1.15.11
oracle:openjdk,Unknown,,cpp,oracle:openjdk:17.0.2,cpp://oracle:openjdk,17.0.2
org.antlr:antlr4-runtime,BSD-3-Clause,http://opensource.org/licenses/BSD-3-Clause,maven,org.antlr:antlr4-runtime:4.13.0,gav://org.antlr:antlr4-runtime,4.13.0
org.apache.logging.log4j:log4j-api,Apache-2.0,http://licenses.nuget.org/Apache-2.0,maven,org.apache.logging.log4j:log4j-api:2.24.3,gav://org.apache.logging.log4j:log4j-api,2.24.3
org.apache.logging.log4j:log4j-to-slf4j,Apache-2.0,http://licenses.nuget.org/Apache-2.0,maven,org.apache.logging.log4j:log4j-to-slf4j:2.24.3,gav://org.apache.logging.log4j:log4j-to-slf4j,2.24.3
org.apache.tomcat.embed:tomcat-embed-core,Apache-2.0,http://licenses.nuget.org/Apache-2.0,maven,org.apache.tomcat.embed:tomcat-embed-core:10.1.34,gav://org.apache.tomcat.embed:tomcat-embed-core,10.1.34
org.apache.tomcat.embed:tomcat-embed-el,Apache-2.0,http://licenses.nuget.org/Apache-2.0,maven,org.apache.tomcat.embed:tomcat-embed-el:10.1.34,gav://org.apache.tomcat.embed:tomcat-embed-el,10.1.34
org.apache.tomcat.embed:tomcat-embed-websocket,Apache-2.0,http://licenses.nuget.org/Apache-2.0,maven,org.apache.tomcat.embed:tomcat-embed-websocket:10.1.34,gav://org.apache.tomcat.embed:tomcat-embed-websocket,10.1.34
org.aspectj:aspectjweaver,EPL-2.0,https://spdx.org/licenses/EPL-2.0,maven,org.aspectj:aspectjweaver:1.9.22.1,gav://org.aspectj:aspectjweaver,1.9.22.1
org.attoparser:attoparser,Apache-2.0,http://licenses.nuget.org/Apache-2.0,maven,org.attoparser:attoparser:2.0.7.RELEASE,gav://org.attoparser:attoparser,2.0.7.RELEASE
org.checkerframework:checker-qual,MIT,http://www.opensource.org/licenses/MIT,maven,org.checkerframework:checker-qual:3.48.3,gav://org.checkerframework:checker-qual,3.48.3
org.eclipse.angus:angus-activation,BSD-3-Clause,http://opensource.org/licenses/BSD-3-Clause,maven,org.eclipse.angus:angus-activation:2.0.2,gav://org.eclipse.angus:angus-activation,2.0.2
org.glassfish.jaxb:jaxb-core,BSD-3-Clause,http://opensource.org/licenses/BSD-3-Clause,maven,org.glassfish.jaxb:jaxb-core:4.0.5,gav://org.glassfish.jaxb:jaxb-core,4.0.5
org.glassfish.jaxb:jaxb-runtime,BSD-3-Clause,http://opensource.org/licenses/BSD-3-Clause,maven,org.glassfish.jaxb:jaxb-runtime:4.0.5,gav://org.glassfish.jaxb:jaxb-runtime,4.0.5
org.glassfish.jaxb:txw2,BSD-3-Clause,http://opensource.org/licenses/BSD-3-Clause,maven,org.glassfish.jaxb:txw2:4.0.5,gav://org.glassfish.jaxb:txw2,4.0.5
org.hdrhistogram:HdrHistogram,CC0-1.0,http://creativecommons.org/publicdomain/zero/1.0/,maven,org.hdrhistogram:HdrHistogram:2.2.2,gav://org.hdrhistogram:HdrHistogram,2.2.2
org.hibernate.common:hibernate-commons-annotations,Apache-2.0,http://licenses.nuget.org/Apache-2.0,maven,org.hibernate.common:hibernate-commons-annotations:7.0.3.Final,gav://org.hibernate.common:hibernate-commons-annotations,7.0.3.Final
org.hibernate.orm:hibernate-core,LGPL-2.1,http://www.gnu.org/licenses/old-licenses/lgpl-2.1-standalone.html,maven,org.hibernate.orm:hibernate-core:6.6.5.Final,gav://org.hibernate.orm:hibernate-core,6.6.5.Final
org.hibernate.validator:hibernate-validator,Apache-2.0,http://licenses.nuget.org/Apache-2.0,maven,org.hibernate.validator:hibernate-validator:8.0.2.Final,gav://org.hibernate.validator:hibernate-validator,8.0.2.Final
org.jboss.logging:jboss-logging,Apache-2.0,http://licenses.nuget.org/Apache-2.0,maven,org.jboss.logging:jboss-logging:3.6.1.Final,gav://org.jboss.logging:jboss-logging,3.6.1.Final
org.jspecify:jspecify,Apache-2.0,http://licenses.nuget.org/Apache-2.0,maven,org.jspecify:jspecify:1.0.0,gav://org.jspecify:jspecify,1.0.0
org.latencyutils:LatencyUtils,CC0-1.0,http://creativecommons.org/publicdomain/zero/1.0/,maven,org.latencyutils:LatencyUtils:2.0.3,gav://org.latencyutils:LatencyUtils,2.0.3
org.postgresql:postgresql,"BSD-2-Clause,PostgreSQL","http://opensource.org/licenses/BSD-2-Clause,http://www.postgresql.org/about/licence",maven,org.postgresql:postgresql:42.7.5,gav://org.postgresql:postgresql,42.7.5
org.reactivestreams:reactive-streams,MIT-0,https://github.com/aws/mit-0,maven,org.reactivestreams:reactive-streams:1.0.4,gav://org.reactivestreams:reactive-streams,1.0.4
org.slf4j:jul-to-slf4j,"LicenseRef-jfrog-oracle-nftc-2021,MIT","https://www.oracle.com/downloads/licenses/no-fee-license.html,http://www.opensource.org/licenses/MIT",maven,org.slf4j:jul-to-slf4j:2.0.16,gav://org.slf4j:jul-to-slf4j,2.0.16
org.slf4j:slf4j-api,MIT,http://www.opensource.org/licenses/MIT,maven,org.slf4j:slf4j-api:2.0.16,gav://org.slf4j:slf4j-api,2.0.16
org.springframework.boot:spring-boot,Apache-2.0,http://licenses.nuget.org/Apache-2.0,maven,org.springframework.boot:spring-boot:3.4.2,gav://org.springframework.boot:spring-boot,3.4.2
org.springframework.boot:spring-boot-actuator,Apache-2.0,http://licenses.nuget.org/Apache-2.0,maven,org.springframework.boot:spring-boot-actuator:3.4.2,gav://org.springframework.boot:spring-boot-actuator,3.4.2
org.springframework.boot:spring-boot-actuator-autoconfigure,Apache-2.0,http://licenses.nuget.org/Apache-2.0,maven,org.springframework.boot:spring-boot-actuator-autoconfigure:3.4.2,gav://org.springframework.boot:spring-boot-actuator-autoconfigure,3.4.2
org.springframework.boot:spring-boot-autoconfigure,Apache-2.0,http://licenses.nuget.org/Apache-2.0,maven,org.springframework.boot:spring-boot-autoconfigure:3.4.2,gav://org.springframework.boot:spring-boot-autoconfigure,3.4.2
org.springframework.boot:spring-boot-jarmode-tools,Apache-2.0,http://licenses.nuget.org/Apache-2.0,maven,org.springframework.boot:spring-boot-jarmode-tools:3.4.2,gav://org.springframework.boot:spring-boot-jarmode-tools,3.4.2
org.springframework.boot:spring-boot-starter,Apache-2.0,http://licenses.nuget.org/Apache-2.0,maven,org.springframework.boot:spring-boot-starter:3.4.2,gav://org.springframework.boot:spring-boot-starter,3.4.2
org.springframework.boot:spring-boot-starter-actuator,Apache-2.0,http://licenses.nuget.org/Apache-2.0,maven,org.springframework.boot:spring-boot-starter-actuator:3.4.2,gav://org.springframework.boot:spring-boot-starter-actuator,3.4.2
org.springframework.boot:spring-boot-starter-cache,Apache-2.0,http://licenses.nuget.org/Apache-2.0,maven,org.springframework.boot:spring-boot-starter-cache:3.4.2,gav://org.springframework.boot:spring-boot-starter-cache,3.4.2
org.springframework.boot:spring-boot-starter-data-jpa,Apache-2.0,http://licenses.nuget.org/Apache-2.0,maven,org.springframework.boot:spring-boot-starter-data-jpa:3.4.2,gav://org.springframework.boot:spring-boot-starter-data-jpa,3.4.2
org.springframework.boot:spring-boot-starter-jdbc,Apache-2.0,http://licenses.nuget.org/Apache-2.0,maven,org.springframework.boot:spring-boot-starter-jdbc:3.4.2,gav://org.springframework.boot:spring-boot-starter-jdbc,3.4.2
org.springframework.boot:spring-boot-starter-json,Apache-2.0,http://licenses.nuget.org/Apache-2.0,maven,org.springframework.boot:spring-boot-starter-json:3.4.2,gav://org.springframework.boot:spring-boot-starter-json,3.4.2
org.springframework.boot:spring-boot-starter-logging,Apache-2.0,http://licenses.nuget.org/Apache-2.0,maven,org.springframework.boot:spring-boot-starter-logging:3.4.2,gav://org.springframework.boot:spring-boot-starter-logging,3.4.2
org.springframework.boot:spring-boot-starter-thymeleaf,Apache-2.0,http://licenses.nuget.org/Apache-2.0,maven,org.springframework.boot:spring-boot-starter-thymeleaf:3.4.2,gav://org.springframework.boot:spring-boot-starter-thymeleaf,3.4.2
org.springframework.boot:spring-boot-starter-tomcat,Apache-2.0,http://licenses.nuget.org/Apache-2.0,maven,org.springframework.boot:spring-boot-starter-tomcat:3.4.2,gav://org.springframework.boot:spring-boot-starter-tomcat,3.4.2
org.springframework.boot:spring-boot-starter-validation,Apache-2.0,http://licenses.nuget.org/Apache-2.0,maven,org.springframework.boot:spring-boot-starter-validation:3.4.2,gav://org.springframework.boot:spring-boot-starter-validation,3.4.2
org.springframework.boot:spring-boot-starter-web,Apache-2.0,http://licenses.nuget.org/Apache-2.0,maven,org.springframework.boot:spring-boot-starter-web:3.4.2,gav://org.springframework.boot:spring-boot-starter-web,3.4.2
org.springframework.data:spring-data-commons,Apache-2.0,http://licenses.nuget.org/Apache-2.0,maven,org.springframework.data:spring-data-commons:3.4.2,gav://org.springframework.data:spring-data-commons,3.4.2
org.springframework.data:spring-data-jpa,Apache-2.0,http://licenses.nuget.org/Apache-2.0,maven,org.springframework.data:spring-data-jpa:3.4.2,gav://org.springframework.data:spring-data-jpa,3.4.2
org.springframework.samples:spring-petclinic,Apache-2.0,http://licenses.nuget.org/Apache-2.0,maven,org.springframework.samples:spring-petclinic:3.4.0-SNAPSHOT,gav://org.springframework.samples:spring-petclinic,3.4.0-SNAPSHOT
org.springframework:spring-aop,"Apache-2.0,BSD-3-Clause","http://licenses.nuget.org/Apache-2.0,http://opensource.org/licenses/BSD-3-Clause",maven,org.springframework:spring-aop:6.2.2,gav://org.springframework:spring-aop,6.2.2
org.springframework:spring-aspects,"Apache-2.0,BSD-3-Clause","http://licenses.nuget.org/Apache-2.0,http://opensource.org/licenses/BSD-3-Clause",maven,org.springframework:spring-aspects:6.2.2,gav://org.springframework:spring-aspects,6.2.2
org.springframework:spring-beans,"Apache-2.0,BSD-3-Clause","http://licenses.nuget.org/Apache-2.0,http://opensource.org/licenses/BSD-3-Clause",maven,org.springframework:spring-beans:6.2.2,gav://org.springframework:spring-beans,6.2.2
org.springframework:spring-context,"Apache-2.0,BSD-3-Clause","http://licenses.nuget.org/Apache-2.0,http://opensource.org/licenses/BSD-3-Clause",maven,org.springframework:spring-context:6.2.2,gav://org.springframework:spring-context,6.2.2
org.springframework:spring-context-support,"Apache-2.0,BSD-3-Clause","http://licenses.nuget.org/Apache-2.0,http://opensource.org/licenses/BSD-3-Clause",maven,org.springframework:spring-context-support:6.2.2,gav://org.springframework:spring-context-support,6.2.2
org.springframework:spring-core,"Apache-2.0,BSD-3-Clause","http://licenses.nuget.org/Apache-2.0,http://opensource.org/licenses/BSD-3-Clause",maven,org.springframework:spring-core:6.2.2,gav://org.springframework:spring-core,6.2.2
org.springframework:spring-expression,"Apache-2.0,BSD-3-Clause","http://licenses.nuget.org/Apache-2.0,http://opensource.org/licenses/BSD-3-Clause",maven,org.springframework:spring-expression:6.2.2,gav://org.springframework:spring-expression,6.2.2
org.springframework:spring-jcl,"Apache-2.0,BSD-3-Clause","http://licenses.nuget.org/Apache-2.0,http://opensource.org/licenses/BSD-3-Clause",maven,org.springframework:spring-jcl:6.2.2,gav://org.springframework:spring-jcl,6.2.2
org.springframework:spring-jdbc,"Apache-2.0,BSD-3-Clause","http://licenses.nuget.org/Apache-2.0,http://opensource.org/licenses/BSD-3-Clause",maven,org.springframework:spring-jdbc:6.2.2,gav://org.springframework:spring-jdbc,6.2.2
org.springframework:spring-orm,"Apache-2.0,BSD-3-Clause","http://licenses.nuget.org/Apache-2.0,http://opensource.org/licenses/BSD-3-Clause",maven,org.springframework:spring-orm:6.2.2,gav://org.springframework:spring-orm,6.2.2
org.springframework:spring-tx,"Apache-2.0,BSD-3-Clause","http://licenses.nuget.org/Apache-2.0,http://opensource.org/licenses/BSD-3-Clause",maven,org.springframework:spring-tx:6.2.2,gav://org.springframework:spring-tx,6.2.2
org.springframework:spring-web,"Apache-2.0,BSD-3-Clause","http://licenses.nuget.org/Apache-2.0,http://opensource.org/licenses/BSD-3-Clause",maven,org.springframework:spring-web:6.2.2,gav://org.springframework:spring-web,6.2.2
org.springframework:spring-webmvc,"Apache-2.0,BSD-3-Clause","http://licenses.nuget.org/Apache-2.0,http://opensource.org/licenses/BSD-3-Clause",maven,org.springframework:spring-webmvc:6.2.2,gav://org.springframework:spring-webmvc,6.2.2
org.thymeleaf:thymeleaf,Apache-2.0,http://licenses.nuget.org/Apache-2.0,maven,org.thymeleaf:thymeleaf:3.1.3.RELEASE,gav://org.thymeleaf:thymeleaf,3.1.3.RELEASE
org.thymeleaf:thymeleaf-spring6,Apache-2.0,http://licenses.nuget.org/Apache-2.0,maven,org.thymeleaf:thymeleaf-spring6:3.1.3.RELEASE,gav://org.thymeleaf:thymeleaf-spring6,3.1.3.RELEASE
org.unbescape:unbescape,Apache-2.0,http://licenses.nuget.org/Apache-2.0,maven,org.unbescape:unbescape:1.1.6.RELEASE,gav://org.unbescape:unbescape,1.1.6.RELEASE
org.webjars.npm:bootstrap,MIT,http://www.opensource.org/licenses/MIT,maven,org.webjars.npm:bootstrap:5.3.3,gav://org.webjars.npm:bootstrap,5.3.3
org.webjars.npm:font-awesome,OFL-1.1,http://scripts.sil.org/cms/scripts/page.php?item_id=OFL_web,maven,org.webjars.npm:font-awesome:4.7.0,gav://org.webjars.npm:font-awesome,4.7.0
org.webjars:webjars-locator-lite,MIT,http://www.opensource.org/licenses/MIT,maven,org.webjars:webjars-locator-lite:1.0.1,gav://org.webjars:webjars-locator-lite,1.0.1
org.yaml:snakeyaml,Apache-2.0,http://licenses.nuget.org/Apache-2.0,maven,org.yaml:snakeyaml:2.3,gav://org.yaml:snakeyaml,2.3
spring-petclinic,Unknown,,docker,spring-petclinic:latest,docker://spring-petclinic,latest
